{"total":{"0":56.5704552261156,"1":58.30700309473894,"2":46.78496555855046,"3":49.76302785265049,"4":48.07901567335529,"5":65.58151143056803,"6":68.83073774583208,"7":47.03504043126684,"8":81.11148547469303,"9":61.06968154137965,"10":51.29517320555056,"11":46.48859438953778,"12":67.86762503743635,"13":45.10881501447539,"14":65.51000798642308,"15":47.53893381251873,"16":65.68920335429769,"17":66.83937306578815,"18":63.19394529300189,"19":64.76864330637916,"20":67.60968852949985,"21":47.838424678047325,"22":51.73704702006589,"23":58.73627333532994,"24":51.0177697913547,"25":55.91631726065688,"26":55.52485774183888,"27":48.49256264350604,"28":62.86450534092044,"29":61.25361884795847,"30":48.87616052710393,"31":62.88185085354897,"32":51.53264450434262},"ejes":{"1":{"0":61,"1":50,"2":47,"3":57,"4":50,"5":68,"6":69,"7":57,"8":80,"9":63,"10":46,"11":49,"12":61,"13":41,"14":73,"15":52,"16":66,"17":68,"18":69,"19":71,"20":52,"21":47,"22":52,"23":53,"24":60,"25":55,"26":61,"27":53,"28":65,"29":60,"30":47,"31":71,"32":52},"2":{"0":49,"1":60,"2":37,"3":43,"4":50,"5":58,"6":64,"7":33,"8":81,"9":54,"10":56,"11":41,"12":71,"13":49,"14":62,"15":37,"16":64,"17":62,"18":58,"19":60,"20":71,"21":43,"22":52,"23":58,"24":37,"25":50,"26":47,"27":41,"28":62,"29":50,"30":41,"31":54,"32":54},"3":{"0":58,"1":63,"2":55,"3":48,"4":42,"5":70,"6":72,"7":50,"8":81,"9":65,"10":51,"11":48,"12":70,"13":45,"14":61,"15":52,"16":66,"17":70,"18":61,"19":62,"20":78,"21":52,"22":50,"23":63,"24":55,"25":61,"26":57,"27":50,"28":61,"29":72,"30":57,"31":62,"32":47}}}